1,0.0,0.0,-0.07224334600760456,-0.19391634980988592,-0.22433460076045628,-0.35361216730038025,-0.3231939163498099,-0.49429657794676807,-0.34600760456273766,-0.6159695817490495,-0.4866920152091255,-0.2661596958174905,-0.7300380228136882,-0.28517110266159695,-0.8859315589353612,-0.27756653992395436,-1.0,-0.26996197718631176,-0.5171102661596958,-0.14068441064638784,-0.6463878326996197,-0.026615969581749048,-0.55893536121673,-0.0076045627376425855,-0.467680608365019,-0.030418250950570342,-0.5057034220532319,-0.0076045627376425855,-0.5361216730038023,0.07604562737642585,-0.45627376425855515,0.07224334600760456,-0.38022813688212925,0.045627376425855515,-0.4752851711026616,0.12167300380228137,-0.4714828897338403,0.16730038022813687,-0.3916349809885932,0.155893536121673,-0.33079847908745247,0.13307984790874525
1,0.0,0.0,-0.07364341085271318,-0.19767441860465115,-0.23255813953488372,-0.35658914728682173,-0.3372093023255814,-0.4883720930232558,-0.3643410852713178,-0.6046511627906976,-0.49224806201550386,-0.2713178294573643,-0.7325581395348837,-0.29457364341085274,-0.8837209302325582,-0.2868217054263566,-1.0,-0.27906976744186046,-0.5193798449612403,-0.13953488372093023,-0.6782945736434108,-0.03875968992248062,-0.6317829457364341,-0.01937984496124031,-0.562015503875969,-0.031007751937984496,-0.5116279069767442,0.0,-0.5465116279069767,0.07364341085271318,-0.4689922480620155,0.06976744186046512,-0.3953488372093023,0.046511627906976744,-0.4844961240310077,0.13178294573643412,-0.4844961240310077,0.17054263565891473,-0.4069767441860465,0.16279069767441862,-0.3488372093023256,0.1434108527131783
1,0.0,0.0,-0.0703125,-0.2109375,-0.21875,-0.36328125,-0.31640625,-0.5,-0.33984375,-0.62109375,-0.484375,-0.2734375,-0.73046875,-0.30078125,-0.8828125,-0.296875,-1.0,-0.2890625,-0.51953125,-0.125,-0.66796875,-0.05859375,-0.58984375,-0.046875,-0.4921875,-0.05859375,-0.5,0.01953125,-0.53515625,0.0625,-0.45703125,0.0546875,-0.37890625,0.03515625,-0.46484375,0.1484375,-0.4609375,0.16015625,-0.38671875,0.15234375,-0.32421875,0.1328125
1,0.0,0.0,-0.06719367588932806,-0.20553359683794467,-0.21739130434782608,-0.35968379446640314,-0.31225296442687744,-0.49407114624505927,-0.3359683794466403,-0.616600790513834,-0.4901185770750988,-0.2648221343873518,-0.7272727272727273,-0.2924901185770751,-0.8814229249011858,-0.2924901185770751,-1.0,-0.2885375494071146,-0.525691699604743,-0.12648221343873517,-0.616600790513834,-0.05533596837944664,-0.5335968379446641,-0.04743083003952569,-0.44664031620553357,-0.06324110671936758,-0.5098814229249012,0.015810276679841896,-0.5138339920948617,0.05533596837944664,-0.43478260869565216,0.05138339920948617,-0.36363636363636365,0.03162055335968379,-0.4743083003952569,0.14624505928853754,-0.4505928853754941,0.15810276679841898,-0.3794466403162055,0.15019762845849802,-0.3241106719367589,0.13438735177865613
1,0.0,0.0,-0.07142857142857142,-0.20634920634920634,-0.21825396825396826,-0.3611111111111111,-0.31746031746031744,-0.5,-0.34523809523809523,-0.6150793650793651,-0.4880952380952381,-0.25793650793650796,-0.7301587301587301,-0.2777777777777778,-0.8809523809523809,-0.27380952380952384,-1.0,-0.26587301587301587,-0.5158730158730159,-0.11507936507936507,-0.6587301587301587,-0.05952380952380952,-0.5952380952380952,-0.06349206349206349,-0.503968253968254,-0.07539682539682539,-0.5,0.01984126984126984,-0.5357142857142857,0.04365079365079365,-0.4603174603174603,0.031746031746031744,-0.38095238095238093,0.015873015873015872,-0.4642857142857143,0.15079365079365079,-0.45634920634920634,0.14285714285714285,-0.3888888888888889,0.12698412698412698,-0.32936507936507936,0.11507936507936507
1,0.0,0.0,-0.06772908366533864,-0.20717131474103587,-0.2151394422310757,-0.35856573705179284,-0.3107569721115538,-0.49800796812749004,-0.3386454183266932,-0.6215139442231076,-0.4900398406374502,-0.26294820717131473,-0.7290836653386454,-0.2788844621513944,-0.8844621513944223,-0.2749003984063745,-1.0,-0.26294820717131473,-0.5219123505976095,-0.12749003984063745,-0.6215139442231076,-0.05976095617529881,-0.5418326693227091,-0.05179282868525897,-0.450199203187251,-0.07171314741035857,-0.5059760956175299,0.01195219123505976,-0.5258964143426295,0.05179282868525897,-0.44621513944223107,0.043824701195219126,-0.3745019920318725,0.02390438247011952,-0.4701195219123506,0.14342629482071714,-0.4541832669322709,0.1553784860557769,-0.38247011952191234,0.14342629482071714,-0.32669322709163345,0.12350597609561753
1,0.0,0.0,-0.07569721115537849,-0.20717131474103587,-0.22310756972111553,-0.3545816733067729,-0.32669322709163345,-0.4900398406374502,-0.3545816733067729,-0.6095617529880478,-0.49800796812749004,-0.2549800796812749,-0.7370517928286853,-0.2589641434262948,-0.8844621513944223,-0.24701195219123506,-1.0,-0.2350597609561753,-0.5258964143426295,-0.10756972111553785,-0.6573705179282868,-0.06374501992031872,-0.5856573705179283,-0.06374501992031872,-0.49800796812749004,-0.0796812749003984,-0.5059760956175299,0.03187250996015936,-0.5418326693227091,0.055776892430278883,-0.46613545816733065,0.04780876494023904,-0.3904382470119522,0.027888446215139442,-0.46613545816733065,0.16334661354581673,-0.46215139442231074,0.17131474103585656,-0.3944223107569721,0.1553784860557769,-0.3386454183266932,0.1394422310756972
1,0.0,0.0,-0.07569721115537849,-0.20717131474103587,-0.22310756972111553,-0.3545816733067729,-0.32270916334661354,-0.4900398406374502,-0.3545816733067729,-0.6095617529880478,-0.50199203187251,-0.2549800796812749,-0.7410358565737052,-0.26294820717131473,-0.8884462151394422,-0.250996015936255,-1.0,-0.23904382470119523,-0.5298804780876494,-0.10756972111553785,-0.6772908366533864,-0.07171314741035857,-0.6135458167330677,-0.07171314741035857,-0.5298804780876494,-0.08366533864541832,-0.5099601593625498,0.035856573705179286,-0.549800796812749,0.05179282868525897,-0.47808764940239046,0.043824701195219126,-0.398406374501992,0.03187250996015936,-0.4701195219123506,0.17131474103585656,-0.47410358565737054,0.16733067729083664,-0.4103585657370518,0.1553784860557769,-0.350597609561753,0.1394422310756972
1,0.0,0.0,-0.06854838709677419,-0.21370967741935484,-0.21370967741935484,-0.3629032258064516,-0.31451612903225806,-0.5,-0.3467741935483871,-0.6169354838709677,-0.49193548387096775,-0.2540322580645161,-0.7379032258064516,-0.2701612903225806,-0.8870967741935484,-0.25806451612903225,-1.0,-0.24596774193548387,-0.5282258064516129,-0.10887096774193548,-0.6330645161290323,-0.06854838709677419,-0.5604838709677419,-0.06451612903225806,-0.4717741935483871,-0.07661290322580645,-0.5080645161290323,0.036290322580645164,-0.5282258064516129,0.05241935483870968,-0.45564516129032256,0.04435483870967742,-0.3790322580645161,0.028225806451612902,-0.46774193548387094,0.16532258064516128,-0.45564516129032256,0.16129032258064516,-0.3911290322580645,0.14919354838709678,-0.3346774193548387,0.13306451612903225
1,0.0,0.0,-0.040498442367601244,-0.18691588785046728,-0.19314641744548286,-0.34890965732087226,-0.308411214953271,-0.4953271028037383,-0.3333333333333333,-0.6292834890965732,-0.4423676012461059,-0.2523364485981308,-0.6884735202492211,-0.2803738317757009,-0.8629283489096573,-0.2834890965732087,-1.0,-0.2772585669781931,-0.470404984423676,-0.11526479750778816,-0.6199376947040498,-0.04361370716510903,-0.5109034267912772,-0.037383177570093455,-0.40186915887850466,-0.056074766355140186,-0.4517133956386293,0.03115264797507788,-0.5015576323987538,0.08099688473520249,-0.40809968847352024,0.07476635514018691,-0.32710280373831774,0.04984423676012461,-0.4143302180685358,0.17133956386292834,-0.4392523364485981,0.18691588785046728,-0.35514018691588783,0.1806853582554517,-0.29906542056074764,0.1557632398753894
1,0.0,0.0,-0.08860759493670886,-0.17088607594936708,-0.23839662447257384,-0.31856540084388185,-0.350210970464135,-0.44936708860759494,-0.3881856540084388,-0.5717299578059072,-0.45569620253164556,-0.21518987341772153,-0.70042194092827,-0.23628691983122363,-0.869198312236287,-0.23839662447257384,-1.0,-0.22784810126582278,-0.47257383966244726,-0.0949367088607595,-0.6012658227848101,-0.012658227848101266,-0.5063291139240507,-0.008438818565400843,-0.41139240506329117,-0.029535864978902954,-0.4451476793248945,0.0379746835443038,-0.5210970464135021,0.0949367088607595,-0.4451476793248945,0.08860759493670886,-0.3649789029535865,0.06329113924050633,-0.4008438818565401,0.16666666666666666,-0.45147679324894513,0.18354430379746836,-0.37763713080168776,0.1729957805907173,-0.3143459915611814,0.1518987341772152
1,0.0,0.0,-0.12025316455696203,-0.1751054852320675,-0.28270042194092826,-0.31645569620253167,-0.39029535864978904,-0.44936708860759494,-0.4219409282700422,-0.5759493670886076,-0.4873417721518987,-0.21940928270042195,-0.7257383966244726,-0.23417721518987342,-0.879746835443038,-0.2320675105485232,-1.0,-0.22362869198312235,-0.5,-0.09915611814345991,-0.6455696202531646,-0.014767932489451477,-0.5569620253164557,-0.006329113924050633,-0.4620253164556962,-0.027426160337552744,-0.47257383966244726,0.03164556962025317,-0.5654008438818565,0.09071729957805907,-0.4873417721518987,0.08860759493670886,-0.40717299578059074,0.06329113924050633,-0.4240506329113924,0.15611814345991562,-0.4873417721518987,0.18354430379746836,-0.41350210970464135,0.1729957805907173,-0.34810126582278483,0.1518987341772152
1,0.0,0.0,-0.12072892938496584,-0.1845102505694761,-0.27790432801822323,-0.31662870159453305,-0.3895216400911162,-0.43735763097949887,-0.4305239179954442,-0.5535307517084282,-0.49658314350797267,-0.21867881548974943,-0.7312072892938497,-0.23462414578587698,-0.8815489749430524,-0.23462414578587698,-1.0,-0.23006833712984054,-0.5079726651480638,-0.0888382687927107,-0.6765375854214123,-0.04555808656036447,-0.6013667425968109,-0.04555808656036447,-0.5079726651480638,-0.05922551252847381,-0.4760820045558087,0.04100227790432802,-0.592255125284738,0.07289293849658314,-0.5216400911161732,0.05694760820045558,-0.43735763097949887,0.03644646924829157,-0.42369020501138954,0.15261958997722094,-0.4988610478359909,0.16400911161731208,-0.43507972665148065,0.14578587699316628,-0.36674259681093396,0.1275626423690205
1,0.0,0.0,-0.11838006230529595,-0.20249221183800623,-0.26791277258566976,-0.3364485981308411,-0.3707165109034268,-0.46417445482866043,-0.40809968847352024,-0.5825545171339563,-0.5077881619937694,-0.2367601246105919,-0.7476635514018691,-0.26479750778816197,-0.8909657320872274,-0.2616822429906542,-1.0,-0.24922118380062305,-0.5295950155763239,-0.09968847352024922,-0.7227414330218068,-0.11214953271028037,-0.6697819314641744,-0.12461059190031153,-0.5887850467289719,-0.1308411214953271,-0.5109034267912772,0.03115264797507788,-0.6510903426791277,0.01557632398753894,-0.5981308411214953,-0.009345794392523364,-0.5171339563862928,-0.018691588785046728,-0.4797507788161994,0.14953271028037382,-0.5887850467289719,0.12149532710280374,-0.5482866043613707,0.09345794392523364,-0.48598130841121495,0.08099688473520249
1,0.0,0.0,-0.1037037037037037,-0.2,-0.2518518518518518,-0.3333333333333333,-0.35555555555555557,-0.46296296296296297,-0.3851851851851852,-0.5851851851851851,-0.5148148148148148,-0.23333333333333334,-0.7592592592592593,-0.24444444444444444,-0.8925925925925926,-0.23703703703703705,-1.0,-0.22592592592592592,-0.5407407407407407,-0.08888888888888889,-0.725925925925926,-0.06296296296296296,-0.6962962962962963,-0.07037037037037037,-0.6333333333333333,-0.07777777777777778,-0.5148148148148148,0.04814814814814815,-0.5481481481481482,0.04814814814814815,-0.4703703703703704,0.02962962962962963,-0.3925925925925926,0.014814814814814815,-0.4740740740740741,0.16296296296296298,-0.4666666666666667,0.14074074074074075,-0.3962962962962963,0.1259259259259259,-0.3333333333333333,0.1111111111111111
1,0.0,0.0,-0.08974358974358974,-0.2094017094017094,-0.23931623931623933,-0.3504273504273504,-0.34615384615384615,-0.47435897435897434,-0.3803418803418803,-0.5897435897435898,-0.5085470085470085,-0.23931623931623933,-0.7521367521367521,-0.24358974358974358,-0.8931623931623932,-0.23076923076923078,-1.0,-0.21794871794871795,-0.5384615384615384,-0.09401709401709402,-0.6794871794871795,-0.05555555555555555,-0.6196581196581197,-0.05982905982905983,-0.5384615384615384,-0.07692307692307693,-0.5128205128205128,0.042735042735042736,-0.5470085470085471,0.05555555555555555,-0.47863247863247865,0.038461538461538464,-0.4017094017094017,0.021367521367521368,-0.4700854700854701,0.16666666666666666,-0.45726495726495725,0.1581196581196581,-0.39316239316239315,0.14102564102564102,-0.3333333333333333,0.12393162393162394
1,0.0,0.0,-0.08056872037914692,-0.2132701421800948,-0.23222748815165878,-0.36018957345971564,-0.3412322274881517,-0.4786729857819905,-0.3744075829383886,-0.5924170616113744,-0.5118483412322274,-0.24644549763033174,-0.7582938388625592,-0.26540284360189575,-0.8957345971563981,-0.2559241706161137,-1.0,-0.24644549763033174,-0.5450236966824644,-0.10426540284360189,-0.6682464454976303,-0.061611374407582936,-0.6066350710900474,-0.052132701421800945,-0.5308056872037915,-0.05687203791469194,-0.5260663507109005,0.02843601895734597,-0.5260663507109005,0.04739336492890995,-0.4597156398104265,0.03317535545023697,-0.3886255924170616,0.018957345971563982,-0.4881516587677725,0.15639810426540285,-0.4597156398104265,0.14218009478672985,-0.3933649289099526,0.12796208530805686,-0.33175355450236965,0.11374407582938388
1,0.0,0.0,-0.06930693069306931,-0.21287128712871287,-0.21782178217821782,-0.36633663366336633,-0.3217821782178218,-0.4900990099009901,-0.3613861386138614,-0.6089108910891089,-0.5,-0.25742574257425743,-0.7425742574257426,-0.2722772277227723,-0.8910891089108911,-0.2623762376237624,-1.0,-0.24752475247524752,-0.5445544554455446,-0.1188118811881188,-0.6138613861386139,-0.07425742574257425,-0.5297029702970297,-0.06930693069306931,-0.44554455445544555,-0.07425742574257425,-0.5247524752475248,0.024752475247524754,-0.5099009900990099,0.034653465346534656,-0.4405940594059406,0.0297029702970297,-0.3712871287128713,0.019801980198019802,-0.49504950495049505,0.15346534653465346,-0.4603960396039604,0.1485148514851485,-0.39603960396039606,0.13861386138613863,-0.33663366336633666,0.12871287128712872
1,0.0,0.0,-0.06565656565656566,-0.20707070707070707,-0.21212121212121213,-0.35353535353535354,-0.32323232323232326,-0.4797979797979798,-0.36363636363636365,-0.5959595959595959,-0.51010101010101,-0.24242424242424243,-0.7424242424242424,-0.2474747474747475,-0.8939393939393939,-0.23232323232323232,-1.0,-0.21717171717171718,-0.5454545454545454,-0.09595959595959595,-0.5959595959595959,-0.045454545454545456,-0.5151515151515151,-0.030303030303030304,-0.43434343434343436,-0.04040404040404041,-0.5252525252525253,0.045454545454545456,-0.51010101010101,0.06060606060606061,-0.4393939393939394,0.05555555555555555,-0.3686868686868687,0.04040404040404041,-0.4898989898989899,0.1717171717171717,-0.45454545454545453,0.1717171717171717,-0.3888888888888889,0.16161616161616163,-0.3333333333333333,0.15151515151515152
1,0.0,0.0,-0.06598984771573604,-0.20812182741116753,-0.2131979695431472,-0.3553299492385787,-0.3197969543147208,-0.47715736040609136,-0.3604060913705584,-0.5888324873096447,-0.5076142131979695,-0.2436548223350254,-0.7411167512690355,-0.25380710659898476,-0.8883248730964467,-0.23857868020304568,-1.0,-0.2182741116751269,-0.5482233502538071,-0.10152284263959391,-0.5989847715736041,-0.04568527918781726,-0.5228426395939086,-0.030456852791878174,-0.4416243654822335,-0.04060913705583756,-0.5279187817258884,0.03553299492385787,-0.5126903553299492,0.06598984771573604,-0.4467005076142132,0.06091370558375635,-0.37055837563451777,0.04568527918781726,-0.49746192893401014,0.16751269035532995,-0.45685279187817257,0.17258883248730963,-0.39086294416243655,0.16243654822335024,-0.3299492385786802,0.15228426395939088
1,0.0,0.0,-0.044,-0.184,-0.192,-0.332,-0.308,-0.464,-0.348,-0.592,-0.472,-0.216,-0.704,-0.228,-0.872,-0.212,-1.0,-0.196,-0.492,-0.072,-0.64,-0.004,-0.544,-0.004,-0.44,-0.028,-0.468,0.068,-0.528,0.116,-0.448,0.112,-0.376,0.084,-0.424,0.2,-0.46,0.212,-0.384,0.208,-0.328,0.184
1,0.0,0.0,-0.13703703703703704,-0.2,-0.31851851851851853,-0.35185185185185186,-0.45185185185185184,-0.4740740740740741,-0.4925925925925926,-0.6,-0.5962962962962963,-0.2111111111111111,-0.7703703703703704,-0.21481481481481482,-0.9,-0.2,-1.0,-0.18888888888888888,-0.6444444444444445,-0.08148148148148149,-0.6592592592592592,-0.03333333333333333,-0.5814814814814815,-0.02962962962962963,-0.4962962962962963,-0.05555555555555555,-0.6370370370370371,0.05555555555555555,-0.6370370370370371,0.07407407407407407,-0.5740740740740741,0.08148148148148149,-0.5,0.05555555555555555,-0.6037037037037037,0.1814814814814815,-0.6148148148148148,0.2,-0.5592592592592592,0.18888888888888888,-0.4925925925925926,0.16296296296296298
1,0.0,0.0,-0.07220216606498195,-0.19133574007220217,-0.21660649819494585,-0.33212996389891697,-0.3285198555956679,-0.45126353790613716,-0.36823104693140796,-0.5740072202166066,-0.51985559566787,-0.20938628158844766,-0.740072202166065,-0.19855595667870035,-0.8880866425992779,-0.1624548736462094,-1.0,-0.1371841155234657,-0.5703971119133574,-0.07220216606498195,-0.5595667870036101,-0.018050541516245487,-0.47653429602888087,-0.01444043321299639,-0.40794223826714804,-0.036101083032490974,-0.5487364620938628,0.06498194945848375,-0.51985559566787,0.09386281588447654,-0.4548736462093863,0.08303249097472924,-0.3898916967509025,0.06498194945848375,-0.5126353790613718,0.19855595667870035,-0.48736462093862815,0.20577617328519857,-0.4259927797833935,0.18772563176895307,-0.37184115523465705,0.17328519855595667
1,0.0,0.0,-0.05555555555555555,-0.2,-0.2074074074074074,-0.34814814814814815,-0.32222222222222224,-0.4740740740740741,-0.3814814814814815,-0.5851851851851851,-0.4962962962962963,-0.21481481481481482,-0.737037037037037,-0.22592592592592592,-0.8851851851851852,-0.2037037037037037,-1.0,-0.17777777777777778,-0.5407407407407407,-0.08518518518518518,-0.5481481481481482,-0.037037037037037035,-0.45925925925925926,-0.03333333333333333,-0.3925925925925926,-0.05185185185185185,-0.5185185185185185,0.05185185185185185,-0.5222222222222223,0.07037037037037037,-0.45185185185185184,0.06666666666666667,-0.37777777777777777,0.04814814814814815,-0.48148148148148145,0.18518518518518517,-0.48518518518518516,0.17407407407407408,-0.4185185185185185,0.15555555555555556,-0.35555555555555557,0.13703703703703704
1,0.0,0.0,-0.08076923076923077,-0.17692307692307693,-0.23846153846153847,-0.3192307692307692,-0.35,-0.43846153846153846,-0.38461538461538464,-0.5538461538461539,-0.48846153846153845,-0.21923076923076923,-0.7346153846153847,-0.23461538461538461,-0.8884615384615384,-0.2230769230769231,-1.0,-0.2153846153846154,-0.5076923076923077,-0.1076923076923077,-0.5884615384615385,0.007692307692307693,-0.5,0.019230769230769232,-0.4269230769230769,-0.015384615384615385,-0.4807692307692308,0.015384615384615385,-0.5153846153846153,0.11538461538461539,-0.4346153846153846,0.11538461538461539,-0.36923076923076925,0.08461538461538462,-0.43846153846153846,0.14615384615384616,-0.46153846153846156,0.2076923076923077,-0.38846153846153847,0.20384615384615384,-0.3346153846153846,0.17692307692307693
1,0.0,0.0,-0.1033210332103321,-0.16605166051660517,-0.2730627306273063,-0.3025830258302583,-0.3874538745387454,-0.41697416974169743,-0.4280442804428044,-0.5239852398523985,-0.4833948339483395,-0.22878228782287824,-0.7269372693726938,-0.25092250922509224,-0.8782287822878229,-0.24354243542435425,-1.0,-0.23247232472324722,-0.4981549815498155,-0.12546125461254612,-0.6309963099630996,-0.014760147601476014,-0.5535055350553506,0.033210332103321034,-0.4833948339483395,0.033210332103321034,-0.4797047970479705,-0.01107011070110701,-0.5682656826568265,0.0959409594095941,-0.4907749077490775,0.11808118081180811,-0.41697416974169743,0.1033210332103321,-0.45018450184501846,0.11439114391143912,-0.5202952029520295,0.18081180811808117,-0.45387453874538747,0.1881918819188192,-0.3874538745387454,0.16605166051660517
1,0.0,0.0,-0.11235955056179775,-0.17228464419475656,-0.2808988764044944,-0.30711610486891383,-0.40074906367041196,-0.4232209737827715,-0.43820224719101125,-0.5393258426966292,-0.48314606741573035,-0.23595505617977527,-0.7228464419475655,-0.25842696629213485,-0.8764044943820225,-0.2546816479400749,-1.0,-0.24344569288389514,-0.49812734082397003,-0.12359550561797752,-0.6367041198501873,-0.0299625468164794,-0.550561797752809,-0.011235955056179775,-0.46441947565543074,-0.0299625468164794,-0.47191011235955055,0.0,-0.5730337078651685,0.07865168539325842,-0.4943820224719101,0.0898876404494382,-0.41947565543071164,0.06741573033707865,-0.4307116104868914,0.12734082397003746,-0.5131086142322098,0.17228464419475656,-0.4419475655430712,0.17228464419475656,-0.37453183520599254,0.15355805243445692
1,0.0,0.0,-0.12048192771084337,-0.1566265060240964,-0.285140562248996,-0.2891566265060241,-0.39357429718875503,-0.40562248995983935,-0.42971887550200805,-0.5301204819277109,-0.4979919678714859,-0.2289156626506024,-0.7309236947791165,-0.24899598393574296,-0.8835341365461847,-0.24899598393574296,-1.0,-0.24899598393574296,-0.5060240963855421,-0.1285140562248996,-0.6385542168674698,0.004016064257028112,-0.5622489959839357,0.040160642570281124,-0.4899598393574297,0.020080321285140562,-0.4819277108433735,-0.008032128514056224,-0.5742971887550201,0.10843373493975904,-0.5020080321285141,0.11646586345381527,-0.43775100401606426,0.08835341365461848,-0.4457831325301205,0.12048192771084337,-0.5301204819277109,0.1927710843373494,-0.46987951807228917,0.19678714859437751,-0.40963855421686746,0.18072289156626506
1,0.0,0.0,-0.11428571428571428,-0.15510204081632653,-0.2816326530612245,-0.2857142857142857,-0.40408163265306124,-0.39183673469387753,-0.44081632653061226,-0.5102040816326531,-0.5020408163265306,-0.23673469387755103,-0.7346938775510204,-0.2530612244897959,-0.8857142857142857,-0.2530612244897959,-1.0,-0.24489795918367346,-0.5142857142857142,-0.1510204081632653,-0.6571428571428571,0.012244897959183673,-0.5755102040816327,0.053061224489795916,-0.49795918367346936,0.036734693877551024,-0.49387755102040815,-0.04081632653061224,-0.5918367346938775,0.10204081632653061,-0.5061224489795918,0.11428571428571428,-0.43673469387755104,0.08163265306122448,-0.45714285714285713,0.08163265306122448,-0.5387755102040817,0.17551020408163265,-0.46122448979591835,0.17959183673469387,-0.39591836734693875,0.1510204081632653
2,0.0,0.0,0.07309941520467836,-0.1783625730994152,0.24561403508771928,-0.3128654970760234,0.3654970760233918,-0.43567251461988304,0.3888888888888889,-0.564327485380117,0.4853801169590643,-0.24561403508771928,0.7368421052631579,-0.23976608187134502,0.8888888888888888,-0.2222222222222222,1.0,-0.2046783625730994,0.5292397660818714,-0.13742690058479531,0.5730994152046783,0.008771929824561403,0.4824561403508772,0.02046783625730994,0.41228070175438597,-0.014619883040935672,0.5058479532163743,-0.0029239766081871343,0.5,0.09941520467836257,0.4269005847953216,0.1023391812865497,0.3654970760233918,0.06725146198830409,0.4649122807017544,0.11988304093567251,0.43567251461988304,0.19005847953216373,0.3684210526315789,0.19005847953216373,0.3128654970760234,0.15497076023391812
2,0.0,0.0,0.11073825503355705,-0.1912751677852349,0.28523489932885904,-0.3053691275167785,0.40268456375838924,-0.4261744966442953,0.4228187919463087,-0.5604026845637584,0.4966442953020134,-0.25838926174496646,0.7483221476510067,-0.23825503355704697,0.889261744966443,-0.21476510067114093,1.0,-0.19798657718120805,0.5335570469798657,-0.15771812080536912,0.6912751677852349,-0.0738255033557047,0.6711409395973155,-0.050335570469798654,0.6543624161073825,-0.050335570469798654,0.5234899328859061,-0.030201342281879196,0.5704697986577181,0.0436241610738255,0.5,0.04697986577181208,0.4429530201342282,0.020134228187919462,0.4899328859060403,0.09395973154362416,0.4798657718120805,0.1476510067114094,0.412751677852349,0.14093959731543623,0.35906040268456374,0.10738255033557047
2,0.0,0.0,0.1087866108786611,-0.19665271966527198,0.27615062761506276,-0.3138075313807531,0.3891213389121339,-0.42677824267782427,0.41841004184100417,-0.5564853556485355,0.49372384937238495,-0.27615062761506276,0.7615062761506276,-0.25523012552301255,0.899581589958159,-0.22594142259414227,1.0,-0.20502092050209206,0.5397489539748954,-0.17154811715481172,0.606694560669456,-0.03347280334728033,0.5188284518828452,-0.012552301255230125,0.4602510460251046,-0.03765690376569038,0.5230125523012552,-0.03347280334728033,0.5355648535564853,0.058577405857740586,0.4602510460251046,0.06276150627615062,0.40585774058577406,0.02510460251046025,0.4895397489539749,0.09205020920502092,0.46443514644351463,0.16736401673640167,0.39748953974895396,0.16317991631799164,0.3472803347280335,0.12133891213389121
2,0.0,0.0,0.09134615384615384,-0.19230769230769232,0.2548076923076923,-0.3269230769230769,0.36538461538461536,-0.4519230769230769,0.3798076923076923,-0.5865384615384616,0.4951923076923077,-0.25,0.75,-0.25,0.8942307692307693,-0.23557692307692307,1.0,-0.22115384615384615,0.5384615384615384,-0.13942307692307693,0.5961538461538461,0.0,0.5096153846153846,0.014423076923076924,0.44711538461538464,-0.009615384615384616,0.5192307692307693,0.0,0.5336538461538461,0.09615384615384616,0.46153846153846156,0.09615384615384616,0.40384615384615385,0.0625,0.4807692307692308,0.125,0.47115384615384615,0.1971153846153846,0.40865384615384615,0.19230769230769232,0.3557692307692308,0.15384615384615385
2,0.0,0.0,0.10101010101010101,-0.16666666666666666,0.26262626262626265,-0.29797979797979796,0.36363636363636365,-0.4292929292929293,0.3686868686868687,-0.5555555555555556,0.494949494949495,-0.23232323232323232,0.7474747474747475,-0.22727272727272727,0.8939393939393939,-0.20707070707070707,1.0,-0.19696969696969696,0.5353535353535354,-0.12121212121212122,0.6060606060606061,0.030303030303030304,0.5202020202020202,0.05555555555555555,0.46464646464646464,0.030303030303030304,0.5202020202020202,0.015151515151515152,0.5606060606060606,0.13131313131313133,0.5,0.1414141414141414,0.4444444444444444,0.10606060606060606,0.4898989898989899,0.13636363636363635,0.5202020202020202,0.22727272727272727,0.46464646464646464,0.23737373737373738,0.40404040404040403,0.20707070707070707
2,0.0,0.0,0.07179487179487179,-0.14871794871794872,0.2153846153846154,-0.2717948717948718,0.3128205128205128,-0.4,0.3333333333333333,-0.5282051282051282,0.47692307692307695,-0.2,0.7282051282051282,-0.19487179487179487,0.8871794871794871,-0.18974358974358974,1.0,-0.18974358974358974,0.5128205128205128,-0.1076923076923077,0.5384615384615384,0.046153846153846156,0.4461538461538462,0.05641025641025641,0.38461538461538464,0.020512820512820513,0.49230769230769234,0.015384615384615385,0.4717948717948718,0.13846153846153847,0.39487179487179486,0.13846153846153847,0.3333333333333333,0.09230769230769231,0.4512820512820513,0.13846153846153847,0.4153846153846154,0.2358974358974359,0.3384615384615385,0.22564102564102564,0.28717948717948716,0.1794871794871795
2,0.0,0.0,0.10152284263959391,-0.12690355329949238,0.2639593908629442,-0.2182741116751269,0.3553299492385787,-0.3350253807106599,0.3604060913705584,-0.4517766497461929,0.49238578680203043,-0.19289340101522842,0.7309644670050761,-0.19289340101522842,0.883248730964467,-0.18781725888324874,1.0,-0.17766497461928935,0.5228426395939086,-0.1065989847715736,0.5532994923857868,0.04568527918781726,0.4619289340101523,0.06091370558375635,0.40609137055837563,0.02030456852791878,0.49746192893401014,0.01015228426395939,0.5025380710659898,0.1319796954314721,0.4263959390862944,0.1319796954314721,0.36548223350253806,0.08629441624365482,0.4517766497461929,0.12690355329949238,0.4467005076142132,0.2233502538071066,0.3756345177664975,0.2131979695431472,0.3197969543147208,0.17258883248730963
2,0.0,0.0,0.1065989847715736,-0.14213197969543148,0.25888324873096447,-0.24873096446700507,0.34517766497461927,-0.3604060913705584,0.3553299492385787,-0.47715736040609136,0.4873096446700508,-0.20812182741116753,0.7309644670050761,-0.20304568527918782,0.883248730964467,-0.19796954314720813,1.0,-0.18781725888324874,0.5025380710659898,-0.13705583756345177,0.5736040609137056,0.025380710659898477,0.48223350253807107,0.04060913705583756,0.4213197969543147,0.005076142131979695,0.4720812182741117,-0.025380710659898477,0.5126903553299492,0.1065989847715736,0.4365482233502538,0.1065989847715736,0.38071065989847713,0.06598984771573604,0.4263959390862944,0.08121827411167512,0.4517766497461929,0.18781725888324874,0.38071065989847713,0.17766497461928935,0.3248730964467005,0.13705583756345177
2,0.0,0.0,0.11282051282051282,-0.1282051282051282,0.27692307692307694,-0.24102564102564103,0.37435897435897436,-0.3487179487179487,0.37435897435897436,-0.46153846153846156,0.48205128205128206,-0.21025641025641026,0.7282051282051282,-0.21025641025641026,0.882051282051282,-0.20512820512820512,1.0,-0.20512820512820512,0.49230769230769234,-0.1282051282051282,0.6,0.041025641025641026,0.5128205128205128,0.06666666666666667,0.4461538461538462,0.035897435897435895,0.46153846153846156,-0.015384615384615385,0.5333333333333333,0.11794871794871795,0.4564102564102564,0.12307692307692308,0.39487179487179486,0.08717948717948718,0.4153846153846154,0.09230769230769231,0.4564102564102564,0.18974358974358974,0.38461538461538464,0.18974358974358974,0.3282051282051282,0.15384615384615385
2,0.0,0.0,0.11794871794871795,-0.13846153846153847,0.28717948717948716,-0.24102564102564103,0.38974358974358975,-0.3487179487179487,0.39487179487179486,-0.4564102564102564,0.47692307692307695,-0.2205128205128205,0.7333333333333333,-0.22564102564102564,0.882051282051282,-0.22564102564102564,1.0,-0.22564102564102564,0.48205128205128206,-0.14358974358974358,0.5897435897435898,0.0,0.5076923076923077,0.020512820512820513,0.4512820512820513,-0.010256410256410256,0.4512820512820513,-0.02564102564102564,0.5230769230769231,0.08717948717948718,0.4512820512820513,0.09230769230769231,0.4,0.05641025641025641,0.40512820512820513,0.08205128205128205,0.4564102564102564,0.17435897435897435,0.38974358974358975,0.16923076923076924,0.3384615384615385,0.13333333333333333
2,0.0,0.0,0.11917098445595854,-0.13989637305699482,0.29533678756476683,-0.24870466321243523,0.39896373056994816,-0.35751295336787564,0.40932642487046633,-0.47150259067357514,0.48186528497409326,-0.24352331606217617,0.7305699481865285,-0.24870466321243523,0.8808290155440415,-0.24870466321243523,1.0,-0.24870466321243523,0.48186528497409326,-0.17616580310880828,0.5958549222797928,0.0051813471502590676,0.5181347150259067,0.04145077720207254,0.46113989637305697,0.015544041450777202,0.45077720207253885,-0.07253886010362694,0.533678756476684,0.08808290155440414,0.46113989637305697,0.09844559585492228,0.40932642487046633,0.06217616580310881,0.40932642487046633,0.03626943005181347,0.47150259067357514,0.16062176165803108,0.40414507772020725,0.16580310880829016,0.3471502590673575,0.12435233160621761
2,0.0,0.0,0.12299465240641712,-0.12834224598930483,0.31016042780748665,-0.25133689839572193,0.42245989304812837,-0.3582887700534759,0.44919786096256686,-0.47593582887700536,0.48128342245989303,-0.25133689839572193,0.732620320855615,-0.26737967914438504,0.8823529411764706,-0.27807486631016043,1.0,-0.28342245989304815,0.47593582887700536,-0.1925133689839572,0.6256684491978609,0.0053475935828877,0.5454545454545454,0.0481283422459893,0.47593582887700536,0.026737967914438502,0.4385026737967914,-0.09090909090909091,0.5454545454545454,0.08021390374331551,0.47058823529411764,0.09090909090909091,0.40641711229946526,0.053475935828877004,0.39037433155080214,0.016042780748663103,0.45989304812834225,0.13903743315508021,0.39037433155080214,0.1443850267379679,0.3315508021390374,0.10695187165775401
2,0.0,0.0,0.13812154696132597,-0.13259668508287292,0.3314917127071823,-0.24861878453038674,0.4530386740331492,-0.35911602209944754,0.48066298342541436,-0.4861878453038674,0.48066298342541436,-0.2596685082872928,0.7348066298342542,-0.27624309392265195,0.8839779005524862,-0.287292817679558,1.0,-0.2983425414364641,0.4696132596685083,-0.1878453038674033,0.6408839779005525,0.0055248618784530384,0.5580110497237569,0.049723756906077346,0.49171270718232046,0.022099447513812154,0.430939226519337,-0.08287292817679558,0.5580110497237569,0.08839779005524862,0.47513812154696133,0.09392265193370165,0.4198895027624309,0.055248618784530384,0.3812154696132597,0.027624309392265192,0.46408839779005523,0.14917127071823205,0.39226519337016574,0.14917127071823205,0.3314917127071823,0.10497237569060773
2,0.0,0.0,0.14606741573033707,-0.1348314606741573,0.34269662921348315,-0.25842696629213485,0.46629213483146065,-0.37640449438202245,0.4943820224719101,-0.5112359550561798,0.4887640449438202,-0.2752808988764045,0.7359550561797753,-0.29213483146067415,0.8820224719101124,-0.3089887640449438,1.0,-0.3258426966292135,0.47191011235955055,-0.21348314606741572,0.6348314606741573,0.0056179775280898875,0.5561797752808989,0.0449438202247191,0.4943820224719101,0.02247191011235955,0.43258426966292135,-0.11235955056179775,0.5561797752808989,0.08426966292134831,0.47191011235955055,0.0898876404494382,0.4157303370786517,0.0449438202247191,0.37640449438202245,-0.0056179775280898875,0.46629213483146065,0.1348314606741573,0.39325842696629215,0.1404494382022472,0.33707865168539325,0.10112359550561797
2,0.0,0.0,0.15254237288135594,-0.13559322033898305,0.3615819209039548,-0.2542372881355932,0.4858757062146893,-0.3728813559322034,0.5141242937853108,-0.5084745762711864,0.4745762711864407,-0.2598870056497175,0.7288135593220338,-0.2824858757062147,0.8757062146892656,-0.2994350282485876,1.0,-0.3107344632768362,0.4632768361581921,-0.192090395480226,0.632768361581921,0.005649717514124294,0.559322033898305,0.05084745762711865,0.4971751412429379,0.02824858757062147,0.423728813559322,-0.0903954802259887,0.5536723163841808,0.0903954802259887,0.480225988700565,0.1016949152542373,0.423728813559322,0.062146892655367235,0.3728813559322034,0.01694915254237288,0.4632768361581921,0.15254237288135594,0.3954802259887006,0.1638418079096045,0.3446327683615819,0.11864406779661017
2,0.0,0.0,0.14673913043478262,-0.14130434782608695,0.3532608695652174,-0.266304347826087,0.47282608695652173,-0.391304347826087,0.4945652173913043,-0.5271739130434783,0.4673913043478261,-0.25,0.7228260869565217,-0.2608695652173913,0.8804347826086957,-0.2717391304347826,1.0,-0.2826086956521739,0.46195652173913043,-0.16847826086956522,0.6413043478260869,0.010869565217391304,0.5597826086956522,0.043478260869565216,0.4945652173913043,0.0,0.42391304347826086,-0.05434782608695652,0.5489130434782609,0.09782608695652174,0.4782608695652174,0.09782608695652174,0.42391304347826086,0.04891304347826087,0.375,0.05434782608695652,0.45108695652173914,0.15760869565217392,0.3858695652173913,0.15760869565217392,0.33695652173913043,0.11956521739130435
2,0.0,0.0,0.09090909090909091,-0.15656565656565657,0.2878787878787879,-0.3181818181818182,0.4393939393939394,-0.4444444444444444,0.4696969696969697,-0.5959595959595959,0.41414141414141414,-0.25757575757575757,0.696969696969697,-0.2676767676767677,0.8636363636363636,-0.26262626262626265,1.0,-0.2676767676767677,0.41414141414141414,-0.16161616161616163,0.5909090909090909,-0.005050505050505051,0.5151515151515151,0.025252525252525252,0.4444444444444444,-0.005050505050505051,0.3787878787878788,-0.030303030303030304,0.5202020202020202,0.10101010101010101,0.45454545454545453,0.1111111111111111,0.3838383838383838,0.0707070707070707,0.3434343434343434,0.09595959595959595,0.4595959595959596,0.18686868686868688,0.3838383838383838,0.1919191919191919,0.31313131313131315,0.15656565656565657
2,0.0,0.0,0.10619469026548672,-0.15486725663716813,0.29646017699115046,-0.2920353982300885,0.42920353982300885,-0.42035398230088494,0.4557522123893805,-0.5575221238938053,0.45132743362831856,-0.23008849557522124,0.7079646017699115,-0.22123893805309736,0.8716814159292036,-0.2079646017699115,1.0,-0.20353982300884957,0.4469026548672566,-0.12389380530973451,0.6106194690265486,0.03982300884955752,0.5221238938053098,0.06637168141592921,0.43805309734513276,0.022123893805309734,0.40707964601769914,0.008849557522123894,0.5221238938053098,0.1592920353982301,0.4424778761061947,0.1592920353982301,0.37168141592920356,0.10619469026548672,0.3495575221238938,0.1415929203539823,0.4424778761061947,0.24778761061946902,0.3584070796460177,0.23893805309734514,0.2920353982300885,0.18584070796460178
2,0.0,0.0,0.11610486891385768,-0.13108614232209737,0.2958801498127341,-0.24719101123595505,0.41947565543071164,-0.3595505617977528,0.4606741573033708,-0.4794007490636704,0.4307116104868914,-0.19850187265917604,0.6966292134831461,-0.18726591760299627,0.8689138576779026,-0.16104868913857678,1.0,-0.149812734082397,0.41947565543071164,-0.09363295880149813,0.5955056179775281,0.052434456928838954,0.5205992509363296,0.08239700374531835,0.4419475655430712,0.03745318352059925,0.3782771535580524,0.03745318352059925,0.5168539325842697,0.1760299625468165,0.449438202247191,0.18726591760299627,0.37453183520599254,0.13857677902621723,0.3295880149812734,0.16853932584269662,0.44569288389513106,0.2808988764044944,0.3707865168539326,0.2808988764044944,0.299625468164794,0.22846441947565543
2,0.0,0.0,0.21120689655172414,-0.1853448275862069,0.5,-0.34913793103448276,0.6896551724137931,-0.4956896551724138,0.75,-0.6767241379310345,0.7586206896551724,-0.25862068965517243,1.0,0.008620689655172414,0.9267241379310345,0.09913793103448276,0.8448275862068966,0.07758620689655173,0.7155172413793104,-0.09913793103448276,0.8879310344827587,0.21982758620689655,0.7629310344827587,0.2413793103448276,0.6724137931034483,0.14655172413793102,0.6379310344827587,0.07758620689655173,0.7672413793103449,0.35344827586206895,0.6681034482758621,0.34051724137931033,0.5775862068965517,0.2413793103448276,0.5474137931034483,0.25,0.6379310344827587,0.4482758620689655,0.5344827586206896,0.43103448275862066,0.46120689655172414,0.3448275862068966
2,0.0,0.0,0.13623188405797101,-0.1536231884057971,0.32463768115942027,-0.2608695652173913,0.4579710144927536,-0.3739130434782609,0.4927536231884058,-0.5072463768115942,0.5130434782608696,-0.21159420289855072,0.7391304347826086,-0.14202898550724638,0.8840579710144928,-0.11594202898550725,1.0,-0.11304347826086956,0.5043478260869565,-0.11304347826086956,0.6028985507246377,0.11884057971014493,0.5072463768115942,0.1391304347826087,0.4405797101449275,0.0782608695652174,0.45507246376811594,0.017391304347826087,0.5072463768115942,0.21739130434782608,0.42028985507246375,0.22028985507246376,0.36231884057971014,0.1565217391304348,0.391304347826087,0.14782608695652175,0.41739130434782606,0.28695652173913044,0.3333333333333333,0.2753623188405797,0.2811594202898551,0.2144927536231884
2,0.0,0.0,0.11627906976744186,-0.13953488372093023,0.3,-0.24186046511627907,0.4255813953488372,-0.34418604651162793,0.46511627906976744,-0.46744186046511627,0.5069767441860465,-0.18604651162790697,0.7372093023255814,-0.1325581395348837,0.8837209302325582,-0.11162790697674418,1.0,-0.10697674418604651,0.5046511627906977,-0.09069767441860466,0.5906976744186047,0.12325581395348838,0.5023255813953489,0.14651162790697675,0.4372093023255814,0.09302325581395349,0.45348837209302323,0.03488372093023256,0.5069767441860465,0.22325581395348837,0.4232558139534884,0.2186046511627907,0.36511627906976746,0.15348837209302327,0.3883720930232558,0.1511627906976744,0.4116279069767442,0.29069767441860467,0.3302325581395349,0.27906976744186046,0.27209302325581397,0.22093023255813954
2,0.0,0.0,0.10085836909871244,-0.12660944206008584,0.27253218884120173,-0.2317596566523605,0.38626609442060084,-0.3369098712446352,0.4206008583690987,-0.4570815450643777,0.48068669527896996,-0.17381974248927037,0.723175965665236,-0.13090128755364808,0.8819742489270386,-0.1072961373390558,1.0,-0.09871244635193133,0.4871244635193133,-0.0815450643776824,0.5493562231759657,0.10515021459227468,0.45278969957081544,0.11373390557939914,0.3927038626609442,0.060085836909871244,0.44635193133047213,0.03648068669527897,0.4742489270386266,0.19313304721030042,0.3927038626609442,0.18240343347639484,0.33261802575107297,0.1223175965665236,0.3927038626609442,0.14377682403433475,0.4012875536480687,0.2575107296137339,0.31759656652360513,0.2446351931330472,0.26180257510729615,0.19098712446351931
2,0.0,0.0,0.09957627118644068,-0.13771186440677965,0.2711864406779661,-0.2478813559322034,0.3983050847457627,-0.3411016949152542,0.4343220338983051,-0.4597457627118644,0.4788135593220339,-0.1885593220338983,0.7351694915254238,-0.1461864406779661,0.8834745762711864,-0.11864406779661017,1.0,-0.09745762711864407,0.4851694915254237,-0.0847457627118644,0.586864406779661,0.11228813559322035,0.4936440677966102,0.13135593220338984,0.4216101694915254,0.08898305084745763,0.4364406779661017,0.04025423728813559,0.5042372881355932,0.19491525423728814,0.4258474576271186,0.1885593220338983,0.3538135593220339,0.13771186440677965,0.3792372881355932,0.15466101694915255,0.4152542372881356,0.2542372881355932,0.3389830508474576,0.2478813559322034,0.2796610169491525,0.19915254237288135
2,0.0,0.0,0.12783505154639174,-0.13814432989690723,0.30721649484536084,-0.23505154639175257,0.4268041237113402,-0.334020618556701,0.4742268041237113,-0.44536082474226807,0.4845360824742268,-0.18144329896907216,0.7402061855670103,-0.15051546391752577,0.8865979381443299,-0.12164948453608247,1.0,-0.10309278350515463,0.49072164948453606,-0.088659793814433,0.6144329896907217,0.07010309278350516,0.534020618556701,0.0865979381443299,0.4577319587628866,0.04536082474226804,0.4515463917525773,0.032989690721649485,0.5195876288659794,0.16082474226804125,0.44536082474226807,0.16288659793814433,0.3835051546391753,0.11958762886597939,0.3938144329896907,0.14432989690721648,0.4288659793814433,0.23917525773195877,0.3628865979381443,0.2329896907216495,0.30721649484536084,0.19175257731958764
2,0.0,0.0,0.1278825995807128,-0.13626834381551362,0.31027253668763105,-0.24109014675052412,0.429769392033543,-0.33542976939203356,0.4716981132075472,-0.44863731656184486,0.5052410901467506,-0.19916142557651992,0.750524109014675,-0.15932914046121593,0.8930817610062893,-0.1320754716981132,1.0,-0.1111111111111111,0.5052410901467506,-0.11320754716981132,0.6184486373165619,0.06918238993710692,0.5283018867924528,0.08176100628930817,0.4591194968553459,0.03563941299790356,0.4612159329140461,0.0020964360587002098,0.5324947589098532,0.1530398322851153,0.4528301886792453,0.14675052410901468,0.389937106918239,0.09643605870020965,0.4025157232704403,0.11320754716981132,0.44654088050314467,0.2180293501048218,0.3752620545073375,0.20964360587002095,0.32075471698113206,0.16142557651991615
2,0.0,0.0,0.14761904761904762,-0.1619047619047619,0.32857142857142857,-0.25,0.4357142857142857,-0.3404761904761905,0.47619047619047616,-0.45714285714285713,0.530952380952381,-0.2119047619047619,0.7690476190476191,-0.16666666666666666,0.9023809523809524,-0.14047619047619048,1.0,-0.12142857142857143,0.5333333333333333,-0.11428571428571428,0.6309523809523809,0.09285714285714286,0.5523809523809524,0.11428571428571428,0.4976190476190476,0.06904761904761905,0.49047619047619045,0.0,0.5428571428571428,0.15476190476190477,0.4714285714285714,0.15,0.42142857142857143,0.09523809523809523,0.4357142857142857,0.1,0.4595238095238095,0.2,0.3952380952380952,0.19047619047619047,0.34523809523809523,0.1357142857142857
2,0.0,0.0,0.14540816326530612,-0.16326530612244897,0.32653061224489793,-0.2576530612244898,0.4336734693877551,-0.3469387755102041,0.46938775510204084,-0.45663265306122447,0.5382653061224489,-0.2193877551020408,0.7678571428571429,-0.1760204081632653,0.9005102040816326,-0.14540816326530612,1.0,-0.12755102040816327,0.5408163265306123,-0.13520408163265307,0.6505102040816326,0.058673469387755105,0.5663265306122449,0.07142857142857142,0.5,0.02295918367346939,0.4897959183673469,-0.025510204081632654,0.5637755102040817,0.13010204081632654,0.4872448979591837,0.125,0.43112244897959184,0.07142857142857142,0.42091836734693877,0.07142857142857142,0.461734693877551,0.18112244897959184,0.3979591836734694,0.1760204081632653,0.3469387755102041,0.12244897959183673
2,0.0,0.0,0.14029850746268657,-0.16119402985074627,0.3253731343283582,-0.2626865671641791,0.4507462686567164,-0.3522388059701492,0.49850746268656715,-0.4626865671641791,0.5253731343283582,-0.22686567164179106,0.7582089552238805,-0.191044776119403,0.8955223880597015,-0.16716417910447762,1.0,-0.14626865671641792,0.5283582089552239,-0.15223880597014924,0.6925373134328359,0.056716417910447764,0.6298507462686567,0.11343283582089553,0.5701492537313433,0.11044776119402985,0.4925373134328358,-0.05373134328358209,0.582089552238806,0.13134328358208955,0.5074626865671642,0.14029850746268657,0.4507462686567164,0.09850746268656717,0.43283582089552236,0.04776119402985075,0.4746268656716418,0.1791044776119403,0.408955223880597,0.1791044776119403,0.3611940298507463,0.12835820895522387
2,0.0,0.0,0.09950248756218906,-0.16417910447761194,0.29850746268656714,-0.2885572139303483,0.4427860696517413,-0.417910447761194,0.48756218905472637,-0.5671641791044776,0.527363184079602,-0.18407960199004975,0.746268656716418,-0.12437810945273632,0.8855721393034826,-0.1044776119402985,1.0,-0.1044776119402985,0.5323383084577115,-0.06467661691542288,0.6467661691542289,0.14427860696517414,0.5472636815920398,0.1791044776119403,0.46766169154228854,0.13432835820895522,0.48756218905472637,0.07960199004975124,0.5621890547263682,0.263681592039801,0.46766169154228854,0.2736318407960199,0.39303482587064675,0.21393034825870647,0.417910447761194,0.21890547263681592,0.4626865671641791,0.3582089552238806,0.3681592039800995,0.35323383084577115,0.29850746268656714,0.2885572139303483
2,0.0,0.0,0.14144736842105263,-0.16447368421052633,0.3190789473684211,-0.2598684210526316,0.4407894736842105,-0.34868421052631576,0.4868421052631579,-0.4605263157894737,0.5394736842105263,-0.23026315789473684,0.7730263157894737,-0.20394736842105263,0.9046052631578947,-0.18421052631578946,1.0,-0.17105263157894737,0.5526315789473685,-0.14144736842105263,0.7006578947368421,0.07236842105263158,0.6480263157894737,0.14473684210526316,0.5921052631578947,0.14473684210526316,0.5197368421052632,-0.029605263157894735,0.6085526315789473,0.17105263157894737,0.5427631578947368,0.19407894736842105,0.4901315789473684,0.15460526315789475,0.46710526315789475,0.0756578947368421,0.506578947368421,0.2236842105263158,0.4407894736842105,0.22697368421052633,0.3815789473684211,0.17434210526315788
2,0.0,0.0,0.13716814159292035,-0.1592920353982301,0.3407079646017699,-0.26991150442477874,0.4778761061946903,-0.39823008849557523,0.5132743362831859,-0.5265486725663717,0.5486725663716814,-0.1902654867256637,0.7522123893805309,-0.13274336283185842,0.8938053097345132,-0.10176991150442478,1.0,-0.09292035398230089,0.5707964601769911,-0.05752212389380531,0.672566371681416,0.11504424778761062,0.5796460176991151,0.1415929203539823,0.4911504424778761,0.10176991150442478,0.5486725663716814,0.08849557522123894,0.6371681415929203,0.24778761061946902,0.5663716814159292,0.25663716814159293,0.4823008849557522,0.2079646017699115,0.5,0.22566371681415928,0.5796460176991151,0.3274336283185841,0.5132743362831859,0.3407079646017699,0.43805309734513276,0.3053097345132743
2,0.0,0.0,0.13240418118466898,-0.14982578397212543,0.30662020905923343,-0.24390243902439024,0.42857142857142855,-0.34146341463414637,0.47038327526132406,-0.46689895470383275,0.519163763066202,-0.18118466898954705,0.7560975609756098,-0.16376306620209058,0.8954703832752613,-0.13937282229965156,1.0,-0.12195121951219512,0.5400696864111498,-0.08710801393728224,0.6167247386759582,0.0975609756097561,0.519163763066202,0.11846689895470383,0.44947735191637633,0.08013937282229965,0.5121951219512195,0.03484320557491289,0.5644599303135889,0.1951219512195122,0.4843205574912892,0.1986062717770035,0.4250871080139373,0.14982578397212543,0.47038327526132406,0.14285714285714285,0.5087108013937283,0.27526132404181186,0.43205574912891986,0.28222996515679444,0.37282229965156793,0.23693379790940766
2,0.0,0.0,0.12547528517110265,-0.1634980988593156,0.2965779467680608,-0.23574144486692014,0.41825095057034223,-0.33079847908745247,0.44866920152091255,-0.44866920152091255,0.5209125475285171,-0.18250950570342206,0.7566539923954373,-0.14068441064638784,0.8935361216730038,-0.11406844106463879,1.0,-0.08745247148288973,0.5475285171102662,-0.07224334600760456,0.5665399239543726,0.07984790874524715,0.4790874524714829,0.09125475285171103,0.42585551330798477,0.057034220532319393,0.5095057034220533,0.057034220532319393,0.49809885931558934,0.1596958174904943,0.43346007604562736,0.1634980988593156,0.3916349809885932,0.12547528517110265,0.4524714828897338,0.17490494296577946,0.42585551330798477,0.2585551330798479,0.3688212927756654,0.25475285171102663,0.3269961977186312,0.21673003802281368
2,0.0,0.0,0.08906882591093117,-0.15384615384615385,0.2388663967611336,-0.2388663967611336,0.3603238866396761,-0.3319838056680162,0.41295546558704455,-0.43724696356275305,0.4939271255060729,-0.15384615384615385,0.7327935222672065,-0.10931174089068826,0.8866396761133604,-0.07692307692307693,1.0,-0.05263157894736842,0.5101214574898786,-0.06882591093117409,0.5506072874493927,0.08906882591093117,0.46558704453441296,0.09716599190283401,0.4008097165991903,0.06072874493927125,0.46963562753036436,0.044534412955465584,0.48582995951417,0.15789473684210525,0.41295546558704455,0.15789473684210525,0.3562753036437247,0.1214574898785425,0.41700404858299595,0.14979757085020243,0.4089068825910931,0.22672064777327935,0.3481781376518219,0.22267206477732793,0.29554655870445345,0.1902834008097166
2,0.0,0.0,0.08189655172413793,-0.14224137931034483,0.22844827586206898,-0.2543103448275862,0.34051724137931033,-0.36637931034482757,0.3577586206896552,-0.49137931034482757,0.46551724137931033,-0.16379310344827586,0.7327586206896551,-0.1336206896551724,0.8879310344827587,-0.11206896551724138,1.0,-0.09051724137931035,0.4827586206896552,-0.04741379310344827,0.5431034482758621,0.09051724137931035,0.44396551724137934,0.08620689655172414,0.375,0.04741379310344827,0.4353448275862069,0.08189655172413793,0.46551724137931033,0.1853448275862069,0.3879310344827586,0.17672413793103448,0.31896551724137934,0.13793103448275862,0.3793103448275862,0.2025862068965517,0.3793103448275862,0.2672413793103448,0.30603448275862066,0.2543103448275862,0.24568965517241378,0.21551724137931033
2,0.0,0.0,0.08733624454148471,-0.1222707423580786,0.2445414847161572,-0.2314410480349345,0.3537117903930131,-0.3406113537117904,0.37554585152838427,-0.462882096069869,0.45414847161572053,-0.13973799126637554,0.7292576419213974,-0.1091703056768559,0.8864628820960698,-0.07860262008733625,1.0,-0.0611353711790393,0.4672489082969432,-0.043668122270742356,0.5283842794759825,0.13537117903930132,0.4279475982532751,0.13973799126637554,0.3624454148471616,0.09170305676855896,0.42358078602620086,0.07860262008733625,0.45414847161572053,0.21397379912663755,0.37117903930131,0.2096069868995633,0.30131004366812225,0.16593886462882096,0.37554585152838427,0.19213973799126638,0.388646288209607,0.28820960698689957,0.31004366812227074,0.27510917030567683,0.2445414847161572,0.2314410480349345
2,0.0,0.0,0.09333333333333334,-0.1111111111111111,0.26222222222222225,-0.21777777777777776,0.37777777777777777,-0.31555555555555553,0.39111111111111113,-0.43555555555555553,0.47555555555555556,-0.1511111111111111,0.7333333333333333,-0.12,0.8844444444444445,-0.10222222222222223,1.0,-0.08888888888888889,0.4711111111111111,-0.06222222222222222,0.52,0.1288888888888889,0.4266666666666667,0.13333333333333333,0.37333333333333335,0.08444444444444445,0.4177777777777778,0.05333333333333334,0.4488888888888889,0.2088888888888889,0.3688888888888889,0.2,0.31555555555555553,0.1511111111111111,0.35555555555555557,0.16444444444444445,0.38222222222222224,0.28,0.30666666666666664,0.26666666666666666,0.24444444444444444,0.21777777777777776
2,0.0,0.0,0.11210762331838565,-0.1210762331838565,0.28699551569506726,-0.21973094170403587,0.4125560538116592,-0.3183856502242152,0.4484304932735426,-0.43946188340807174,0.4663677130044843,-0.18385650224215247,0.7219730941704036,-0.16591928251121077,0.8789237668161435,-0.14798206278026907,1.0,-0.13004484304932734,0.4663677130044843,-0.1031390134529148,0.5605381165919282,0.08968609865470852,0.47533632286995514,0.11210762331838565,0.4125560538116592,0.07174887892376682,0.4170403587443946,0.008968609865470852,0.47085201793721976,0.17040358744394618,0.3991031390134529,0.16591928251121077,0.3452914798206278,0.12556053811659193,0.35874439461883406,0.1210762331838565,0.38565022421524664,0.242152466367713,0.3183856502242152,0.23318385650224216,0.26905829596412556,0.18834080717488788
2,0.0,0.0,0.20155038759689922,-0.17829457364341086,0.5271317829457365,-0.34108527131782945,0.7286821705426356,-0.4806201550387597,0.7829457364341085,-0.6589147286821705,0.8062015503875969,-0.24031007751937986,1.0,0.07751937984496124,0.8992248062015504,0.14728682170542637,0.7906976744186046,0.08527131782945736,0.7829457364341085,-0.09302325581395349,0.9534883720930233,0.2248062015503876,0.8372093023255814,0.26356589147286824,0.7441860465116279,0.18604651162790697,0.7131782945736435,0.06976744186046512,0.8527131782945736,0.3488372093023256,0.7441860465116279,0.3488372093023256,0.6511627906976745,0.26356589147286824,0.6124031007751938,0.2248062015503876,0.7054263565891473,0.43410852713178294,0.6046511627906976,0.4263565891472868,0.5193798449612403,0.34108527131782945
2,0.0,0.0,0.12334801762114538,-0.12334801762114538,0.3039647577092511,-0.21145374449339208,0.43171806167400884,-0.3039647577092511,0.47577092511013214,-0.41409691629955947,0.4713656387665198,-0.19383259911894274,0.7312775330396476,-0.1762114537444934,0.8810572687224669,-0.16299559471365638,1.0,-0.15859030837004406,0.4713656387665198,-0.1145374449339207,0.5859030837004405,0.07048458149779736,0.5066079295154186,0.09251101321585903,0.44493392070484583,0.05726872246696035,0.42731277533039647,-0.00881057268722467,0.5066079295154186,0.14977973568281938,0.43171806167400884,0.14977973568281938,0.3832599118942731,0.11013215859030837,0.3744493392070485,0.09691629955947137,0.43171806167400884,0.22026431718061673,0.36123348017621143,0.21585903083700442,0.31277533039647576,0.1762114537444934
2,0.0,0.0,0.13392857142857142,-0.11607142857142858,0.32589285714285715,-0.20089285714285715,0.45982142857142855,-0.2857142857142857,0.5044642857142857,-0.4017857142857143,0.4955357142857143,-0.20535714285714285,0.7410714285714286,-0.20535714285714285,0.8839285714285714,-0.19642857142857142,1.0,-0.19196428571428573,0.49107142857142855,-0.14732142857142858,0.6116071428571429,0.049107142857142856,0.5223214285714286,0.08035714285714286,0.45535714285714285,0.044642857142857144,0.44642857142857145,-0.05357142857142857,0.5401785714285714,0.12946428571428573,0.45535714285714285,0.12946428571428573,0.4017857142857143,0.08928571428571429,0.38839285714285715,0.044642857142857144,0.45089285714285715,0.19196428571428573,0.3794642857142857,0.1875,0.33035714285714285,0.14285714285714285
2,0.0,0.0,0.14622641509433962,-0.12735849056603774,0.3490566037735849,-0.21226415094339623,0.4811320754716981,-0.2971698113207547,0.5141509433962265,-0.419811320754717,0.49528301886792453,-0.2358490566037736,0.7405660377358491,-0.2358490566037736,0.8820754716981132,-0.24056603773584906,1.0,-0.24528301886792453,0.4811320754716981,-0.17452830188679244,0.6226415094339622,0.02358490566037736,0.5424528301886793,0.04716981132075472,0.47641509433962265,0.009433962264150943,0.4386792452830189,-0.07547169811320754,0.5424528301886793,0.09433962264150944,0.46226415094339623,0.08962264150943396,0.4056603773584906,0.04245283018867924,0.3867924528301887,0.018867924528301886,0.4528301886792453,0.14622641509433962,0.38207547169811323,0.14622641509433962,0.330188679245283,0.10377358490566038
2,0.0,0.0,0.12972972972972974,-0.11891891891891893,0.34054054054054056,-0.2,0.4756756756756757,-0.31351351351351353,0.5081081081081081,-0.44324324324324327,0.4756756756756757,-0.2,0.7027027027027027,-0.16756756756756758,0.8702702702702703,-0.16756756756756758,1.0,-0.1783783783783784,0.4702702702702703,-0.14594594594594595,0.6270270270270271,0.10810810810810811,0.5459459459459459,0.16756756756756758,0.4648648648648649,0.14594594594594595,0.42702702702702705,-0.04864864864864865,0.5351351351351351,0.1837837837837838,0.4486486486486487,0.22162162162162163,0.3837837837837838,0.1837837837837838,0.3567567567567568,0.05405405405405406,0.42702702702702705,0.23243243243243245,0.3567567567567568,0.25405405405405407,0.3027027027027027,0.22162162162162163
2,0.0,0.0,0.14622641509433962,-0.12264150943396226,0.33962264150943394,-0.21226415094339623,0.4669811320754717,-0.2971698113207547,0.5094339622641509,-0.419811320754717,0.5,-0.22169811320754718,0.7452830188679245,-0.21226415094339623,0.8867924528301887,-0.2169811320754717,1.0,-0.2169811320754717,0.4858490566037736,-0.16981132075471697,0.6226415094339622,0.06132075471698113,0.5283018867924528,0.08962264150943396,0.45754716981132076,0.04716981132075472,0.4386792452830189,-0.07547169811320754,0.5330188679245284,0.1320754716981132,0.4528301886792453,0.1320754716981132,0.39622641509433965,0.08018867924528301,0.37735849056603776,0.018867924528301886,0.4386792452830189,0.17452830188679244,0.36792452830188677,0.1792452830188679,0.32075471698113206,0.1320754716981132
2,0.0,0.0,0.1504424778761062,-0.12831858407079647,0.35398230088495575,-0.2345132743362832,0.4778761061946903,-0.3185840707964602,0.5176991150442478,-0.42035398230088494,0.4557522123893805,-0.20353982300884957,0.7123893805309734,-0.19911504424778761,0.8716814159292036,-0.18584070796460178,1.0,-0.18584070796460178,0.4469026548672566,-0.11504424778761062,0.588495575221239,-0.004424778761061947,0.5398230088495575,0.02654867256637168,0.49557522123893805,0.008849557522123894,0.40707964601769914,-0.008849557522123894,0.5221238938053098,0.084070796460177,0.4646017699115044,0.10176991150442478,0.415929203539823,0.07964601769911504,0.35398230088495575,0.09292035398230089,0.43805309734513276,0.15486725663716813,0.3893805309734513,0.16371681415929204,0.3407079646017699,0.1504424778761062
